#Day Of Year:,53
#Event Date:,02/22/2021 13:23:20
#Original NetCDF file:,ORGLM-L2-LCFAG17s20210531323200e20210531323405c20210531323412.nc
#Platform:,G17
#Satellite (lat/lon/height):,0.0 / -137.199997 / 35786.02km
#Event Info:,
#Description:,
#Date Archived:,03/02/2021 19:16:51
#URL:,https://neo-bolide.ndc.nasa.gov
 
time (ms),longitude,latitude,energy (joules)
1614000200443,-111.57023620605469,55.522186279296875,2.6981945359061034e-14
1614000200445,-111.57023620605469,55.522193908691406,2.6581993368496278e-14
1614000200447,-111.57022857666016,55.52219772338867,3.2781249222249995e-14
1614000200449,-111.57022094726562,55.52220153808594,3.538093716092091e-14
1614000200451,-111.57022857666016,55.522193908691406,3.7580673109027066e-14
1614000200453,-111.57024383544922,55.52217483520508,4.5579712920322185e-14
1614000200455,-111.57026672363281,55.522151947021484,5.26788607528466e-14
1614000200457,-111.57028198242188,55.522132873535156,5.1279028785869957e-14
1614000200459,-111.57030487060547,55.52210998535156,5.577848867972346e-14
1614000200461,-111.57027435302734,55.52212142944336,5.887811660660032e-14
1614000200463,-111.57020568847656,55.52216720581055,6.017796057593578e-14
1614000200465,-111.57012939453125,55.522212982177734,6.497738446271285e-14
1614000200467,-111.57005310058594,55.52225875854492,7.297642427400797e-14
1614000200469,-111.56997680664062,55.52230453491211,7.387631625277867e-14
1614000200471,-111.56996154785156,55.52232360839844,7.697594417965553e-14
1614000200473,-111.56999969482422,55.522315979003906,7.167658030467251e-14
1614000200475,-111.5700454711914,55.52230453491211,7.517616022211412e-14
1614000200477,-111.5700912475586,55.52229690551758,8.187535606407379e-14
1614000200479,-111.57013702392578,55.52228927612305,7.957563211832644e-14
1614000200481,-111.57018280029297,55.52226638793945,8.097546408530308e-14
1614000200483,-111.57024383544922,55.5222282409668,8.44750440027447e-14
1614000200485,-111.57030487060547,55.522186279296875,7.877572813719693e-14
1614000200487,-111.57035827636719,55.52214813232422,8.047552409709714e-14
1614000200489,-111.57041931152344,55.52210998535156,8.667477995085086e-14
1614000200491,-111.57044219970703,55.52208709716797,8.667477995085086e-14
1614000200493,-111.57039642333984,55.52208709716797,8.937445588716296e-14
1614000200495,-111.57035064697266,55.52208709716797,8.937445588716296e-14
1614000200497,-111.5703125,55.522090911865234,8.667477995085086e-14
1614000200499,-111.57026672363281,55.522090911865234,8.3575152023974e-14
1614000200501,-111.57022857666016,55.522117614746094,9.107425184706317e-14
1614000200503,-111.5701904296875,55.522178649902344,9.647360371968738e-14
1614000200505,-111.57015228271484,55.52224349975586,9.507377175271073e-14
1614000200506,-111.57012176513672,55.522308349609375,9.197414382583387e-14
1614000200509,-111.57008361816406,55.52237319946289,9.247408381403982e-14
1614000200511,-111.570068359375,55.522403717041016,9.067429985649842e-14
1614000200513,-111.57010650634766,55.52235794067383,9.157419183526912e-14
1614000200514,-111.57013702392578,55.522315979003906,9.957323164656424e-14
1614000200516,-111.57017517089844,55.52227020263672,9.727350770081689e-14
1614000200519,-111.57020568847656,55.5222282409668,9.647360371968738e-14
1614000200521,-111.57022857666016,55.522193908691406,9.507377175271073e-14
1614000200523,-111.5702133178711,55.52219772338867,9.957323164656424e-14
1614000200524,-111.57019805908203,55.52219772338867,1.0437265553334131e-13
1614000200526,-111.5701904296875,55.52219772338867,1.0657239148144746e-13
1614000200529,-111.57017517089844,55.52220153808594,1.0747228346021817e-13
1614000200531,-111.57017517089844,55.52219772338867,1.0837217543898887e-13
1614000200532,-111.5702133178711,55.52218246459961,1.0877212742955362e-13
1614000200534,-111.57025146484375,55.52217102050781,1.0797222344842411e-13
1614000200537,-111.5702896118164,55.52215576171875,1.1457143129274258e-13
1614000200539,-111.57032775878906,55.52214431762695,1.1767105921961944e-13
1614000200540,-111.57035064697266,55.52213668823242,1.1497138328330734e-13
1614000200542,-111.5703353881836,55.522159576416016,1.1677116724084874e-13
1614000200544,-111.57032012939453,55.52218246459961,1.1367153931397188e-13
1614000200547,-111.57030487060547,55.52220153808594,1.1497138328330734e-13
1614000200548,-111.5702896118164,55.52222442626953,1.326692588657978e-13
1614000200550,-111.57027435302734,55.52223587036133,1.3136941489646233e-13
1614000200552,-111.5702896118164,55.522212982177734,1.3666877877144535e-13
1614000200554,-111.57029724121094,55.522193908691406,1.326692588657978e-13
1614000200556,-111.5703125,55.52217102050781,1.3006957092712688e-13
1614000200558,-111.57032775878906,55.52214813232422,1.3316919885400373e-13
1614000200560,-111.5703353881836,55.522125244140625,1.379686227407808e-13
1614000200562,-111.5703353881836,55.52210235595703,1.4416787859453452e-13
1614000200564,-111.5703353881836,55.52207946777344,1.5036713444828824e-13
1614000200566,-111.5703353881836,55.522056579589844,1.570663302902479e-13
1614000200568,-111.5703353881836,55.52203369140625,1.5086707443649418e-13
1614000200570,-111.57032775878906,55.52202606201172,1.4996718245772348e-13
1614000200572,-111.57030487060547,55.522098541259766,1.4776744650961733e-13
1614000200574,-111.57028198242188,55.52217102050781,1.534667623751651e-13
1614000200576,-111.57025146484375,55.52224349975586,1.5396670236337104e-13
1614000200578,-111.57022857666016,55.52231216430664,1.5306681038460034e-13
1614000200580,-111.5702133178711,55.522369384765625,1.5656639030204196e-13
1614000200582,-111.57025146484375,55.52232360839844,1.5396670236337104e-13
1614000200584,-111.57029724121094,55.52227783203125,1.5036713444828824e-13
1614000200586,-111.57034301757812,55.5222282409668,1.534667623751651e-13
1614000200588,-111.58393859863281,55.521060943603516,1.6686515405908442e-13
1614000200590,-111.58982849121094,55.520538330078125,1.7286443391755576e-13
1614000200592,-111.59228515625,55.52035903930664,1.7276444591991457e-13
1614000200594,-111.59420776367188,55.520225524902344,1.7056470997180841e-13
1614000200596,-111.6021728515625,55.51959228515625,1.7776384580197402e-13
1614000200598,-111.60508728027344,55.519378662109375,1.7506416986566192e-13
1614000200600,-111.61237335205078,55.518798828125,1.7046472197416722e-13
1614000200602,-111.62195587158203,55.518009185791016,1.79863593752439e-13
1614000200604,-111.6282958984375,55.517486572265625,1.779638217972564e-13
1614000200606,-111.63835906982422,55.516658782958984,1.7856374978310353e-13
1614000200608,-111.64686584472656,55.515960693359375,1.8356314966516298e-13
1614000200610,-111.65721130371094,55.515106201171875,1.8106344972413326e-13
1614000200612,-111.66928100585938,55.51406478881836,1.833631736698806e-13
1614000200614,-111.6818618774414,55.51298141479492,1.9086227349296978e-13
1614000200616,-111.69389343261719,55.51194381713867,1.852629456250632e-13
1614000200618,-111.70332336425781,55.5111198425293,1.8586287361091033e-13
1614000200620,-111.7137222290039,55.510215759277344,1.85162957627422e-13
1614000200622,-111.72720336914062,55.50914764404297,1.8176336570762158e-13
1614000200624,-111.73951721191406,55.508174896240234,1.8486299363449844e-13
1614000200626,-111.7394790649414,55.50822448730469,2.0126102524765343e-13
1614000200628,-111.73944091796875,55.50827407836914,2.2015875680183815e-13
1614000200630,-111.73939514160156,55.508323669433594,2.3095746054708656e-13
1614000200632,-111.73937225341797,55.508365631103516,2.352569444456577e-13
1614000200634,-111.73934936523438,55.50840377807617,2.477554441508063e-13
1614000200636,-111.73932647705078,55.50844192504883,2.5935405187718423e-13
1614000200638,-111.73930358886719,55.508480072021484,2.632535837851906e-13
1614000200640,-111.7392807006836,55.50851821899414,2.7015275562243264e-13
1614000200642,-111.73934936523438,55.508445739746094,2.7275244356110355e-13
1614000200644,-111.73941802978516,55.50836944580078,2.8095145936768105e-13
1614000200646,-111.73949432373047,55.50829315185547,2.951497550327299e-13
1614000200648,-111.73956298828125,55.508216857910156,2.9474980304216513e-13
1614000200650,-111.73963165283203,55.50813674926758,2.977494429714008e-13
1614000200652,-111.7396240234375,55.508140563964844,3.0464861480864284e-13
1614000200654,-111.7396011352539,55.50815200805664,3.0544851878977235e-13
1614000200656,-111.73957824707031,55.50815963745117,3.0464861480864284e-13
1614000200658,-111.73956298828125,55.50817108154297,3.0984799068598467e-13
1614000200660,-111.73954010009766,55.508182525634766,3.059484587779783e-13
1614000200662,-111.73948669433594,55.50822067260742,3.1454742657512055e-13
1614000200664,-111.73943328857422,55.508262634277344,3.214465984123626e-13
1614000200666,-111.73937225341797,55.50830841064453,3.1454742657512055e-13
1614000200668,-111.73931884765625,55.50835037231445,3.1794701849492097e-13
1614000200670,-111.7392578125,55.508392333984375,3.123476906270144e-13
1614000200672,-111.73928833007812,55.50838851928711,3.085481467166492e-13
1614000200674,-111.73933410644531,55.50837707519531,3.115477866458849e-13
1614000200675,-111.7393798828125,55.508365631103516,3.149473785656853e-13
1614000200678,-111.73942565917969,55.50835418701172,3.1284763061522034e-13
1614000200680,-111.73947143554688,55.50834274291992,3.085481467166492e-13
1614000200682,-111.73945617675781,55.50834655761719,3.0204892686997193e-13
1614000200683,-111.73942565917969,55.50835418701172,3.0294881884874263e-13
1614000200685,-111.7394027709961,55.508358001708984,3.0464861480864284e-13
1614000200688,-111.73937225341797,55.508365631103516,3.0114903489120123e-13
1614000200690,-111.73934173583984,55.50837326049805,3.093480506977787e-13
1614000200691,-111.7393569946289,55.508365631103516,3.076482547378785e-13
1614000200693,-111.73938751220703,55.508358001708984,3.115477866458849e-13
1614000200695,-111.73941802978516,55.50834655761719,3.1544731855389125e-13
1614000200698,-111.73944854736328,55.50833511352539,3.223464903911333e-13
1614000200700,-111.7394790649414,55.508323669433594,3.3094545818827554e-13
1614000200701,-111.73945617675781,55.50831985473633,3.395444259854178e-13
1614000200703,-111.73941040039062,55.50831985473633,3.451437538533244e-13
1614000200706,-111.73936462402344,55.50831985473633,3.4814339378256005e-13
1614000200708,-111.73931884765625,55.50831985473633,3.6104184547827343e-13
1614000200709,-111.7392807006836,55.50831604003906,3.847390009192352e-13
1614000200711,-111.73931884765625,55.50830841064453,3.9903728458192524e-13
1614000200713,-111.73938751220703,55.508296966552734,3.9813739260315454e-13
1614000200716,-111.73945617675781,55.50828552246094,4.102359403177384e-13
1614000200717,-111.7395248413086,55.50827407836914,4.102359403177384e-13
1614000200719,-111.73959350585938,55.508262634277344,4.2053470407478087e-13
1614000200721,-111.73960876464844,55.50825119018555,4.494312353930845e-13
1614000200723,-111.73960876464844,55.508243560791016,4.817273586311885e-13
1614000200725,-111.7396011352539,55.508235931396484,4.89926374437766e-13
1614000200727,-111.7396011352539,55.50822830200195,5.020249221523499e-13
1614000200729,-111.73959350585938,55.50822067260742,5.041246701028149e-13
1614000200731,-111.73957824707031,55.50822448730469,5.037247181122501e-13
1614000200733,-111.73954772949219,55.508235931396484,5.041246701028149e-13
1614000200735,-111.73951721191406,55.50824737548828,5.076242500202565e-13
1614000200737,-111.74398040771484,55.50788879394531,5.303215254848064e-13
1614000200739,-111.744873046875,55.5078239440918,5.600179607842395e-13
1614000200741,-111.74539184570312,55.50779342651367,5.686169285813818e-13
1614000200743,-111.7457504272461,55.50777816772461,5.893144440931079e-13
1614000200745,-111.74716186523438,55.50767517089844,6.090120796284221e-13
1614000200747,-111.74806213378906,55.50761413574219,6.181109874137703e-13
1614000200749,-111.74958801269531,55.507503509521484,6.361088269891843e-13
1614000200751,-111.75257873535156,55.50724792480469,6.787037139843308e-13
1614000200753,-111.7543716430664,55.507076263427734,7.062004133356578e-13
1614000200755,-111.75779724121094,55.506771087646484,7.301975327695432e-13
1614000200757,-111.76103210449219,55.50648498535156,7.498951683048574e-13
1614000200759,-111.76492309570312,55.506141662597656,7.59194052085488e-13
1614000200761,-111.76902770996094,55.50580978393555,7.831911715193733e-13
1614000200763,-111.77418518066406,55.50541687011719,8.195868026607661e-13
1614000200765,-111.77952575683594,55.505008697509766,8.335851223305326e-13
1614000200767,-111.7856216430664,55.504539489746094,8.694808134837194e-13
1614000200769,-111.79118347167969,55.504112243652344,9.006770687477704e-13
1614000200771,-111.7979965209961,55.50354766845703,9.437718957311228e-13
1614000200773,-111.8057861328125,55.50286865234375,9.619697113018192e-13
1614000200775,-111.81341552734375,55.502201080322266,9.890664586625814e-13
1614000200777,-111.82135772705078,55.50151062011719,1.0187628939620146e-12
1614000200779,-111.82976531982422,55.50077819824219,1.0171630859997555e-12
1614000200781,-111.83827209472656,55.50007247924805,1.0407602534430761e-12
1614000200783,-111.8463363647461,55.49943542480469,1.07555607662221e-12
1614000200785,-111.854736328125,55.4987678527832,1.104752571933437e-12
1614000200787,-111.86206817626953,55.498191833496094,1.1404482870913415e-12
1614000200789,-111.8692855834961,55.497623443603516,1.1280497753838341e-12
1614000200791,-111.87610626220703,55.497074127197266,1.1457476509663246e-12
1614000200793,-111.88239288330078,55.496551513671875,1.1393484191172885e-12
1614000200795,-111.88829803466797,55.496063232421875,1.1331491632635348e-12
1614000200797,-111.89328002929688,55.49564743041992,1.1448477589875539e-12
1614000200799,-111.89869689941406,55.495201110839844,1.1526468228035666e-12
1614000200801,-111.90296173095703,55.494850158691406,1.1580461746761908e-12
1614000200803,-111.9083023071289,55.494415283203125,1.1462475909545305e-12
1614000200805,-111.9083023071289,55.494422912597656,1.1291496433578872e-12
1614000200807,-111.90830993652344,55.49442672729492,1.156046414723367e-12
1614000200809,-111.90830993652344,55.49443435668945,1.2129395853812036e-12
1614000200811,-111.9083023071289,55.49442672729492,1.2741322399376112e-12
1614000200813,-111.90828704833984,55.494407653808594,1.312627619029469e-12
1614000200815,-111.90826416015625,55.494384765625,1.3429239823147492e-12
1614000200817,-111.90824127197266,55.494361877441406,1.3609218218901633e-12
1614000200819,-111.9082260131836,55.49433898925781,1.4011169969419212e-12
1614000200821,-111.908203125,55.49433517456055,1.4225144284371357e-12
1614000200823,-111.90816497802734,55.49435806274414,1.4080161687791633e-12
1614000200825,-111.90813446044922,55.494380950927734,1.3853188933146134e-12
1614000200827,-111.9081039428711,55.49440002441406,1.3442238262840847e-12
1614000200829,-111.90806579589844,55.494422912597656,1.3404242823737195e-12
1614000200831,-111.90804290771484,55.494441986083984,1.359222025930263e-12
1614000200833,-111.90803527832031,55.49445343017578,1.401516948932486e-12
1614000200835,-111.90802001953125,55.494468688964844,1.425914020356936e-12
1614000200837,-111.90801239013672,55.49448013305664,1.4721084752671654e-12
1614000200839,-111.90800476074219,55.49449157714844,1.4678089913685943e-12
1614000200841,-111.90799713134766,55.49449157714844,1.4764079591657365e-12
1614000200843,-111.90803527832031,55.49446105957031,1.4452117039016856e-12
1614000200844,-111.90808868408203,55.494415283203125,1.4135155086494287e-12
1614000200847,-111.90814208984375,55.49436569213867,1.3896183772131845e-12
1614000200849,-111.90819549560547,55.494319915771484,1.3763199735269064e-12
1614000200851,-111.90821075439453,55.49430465698242,1.3938178731141144e-12
1614000200852,-111.90814208984375,55.494361877441406,1.437012688095108e-12
1614000200854,-111.9080810546875,55.49441909790039,1.451210983760157e-12
1614000200857,-111.90801239013672,55.494476318359375,1.4721084752671654e-12
1614000200859,-111.90795135498047,55.49453353881836,1.4644093994487939e-12
1614000200860,-111.90791320800781,55.49455642700195,1.4631095554794584e-12
1614000200862,-111.90795135498047,55.49448776245117,1.4914061588119149e-12
1614000200865,-111.90799713134766,55.494415283203125,1.5140034462788236e-12
1614000200867,-111.90803527832031,55.494346618652344,1.5072042624392227e-12
1614000200869,-111.90807342529297,55.4942741394043,1.538000565712709e-12
1614000200870,-111.9081039428711,55.494224548339844,1.5550985133093523e-12
1614000200872,-111.9081039428711,55.49423599243164,1.5991932202691166e-12
1614000200875,-111.9081039428711,55.49424743652344,1.6038926561582525e-12
1614000200877,-111.9081039428711,55.494258880615234,1.635888815403433e-12
1614000200878,-111.9081039428711,55.49427032470703,1.6487872670991463e-12
1614000200880,-111.90809631347656,55.494285583496094,1.6307894275237323e-12
1614000200882,-111.90805053710938,55.49432373046875,1.6234903036959255e-12
1614000200885,-111.90799713134766,55.49435806274414,1.6577861868868533e-12
1614000200886,-111.90795135498047,55.49439239501953,1.6423880352501102e-12
1614000200888,-111.90789794921875,55.49442672729492,1.6174910238374542e-12
1614000200890,-111.9078598022461,55.49445724487305,1.5764959448045667e-12
1614000200893,-111.90946197509766,55.494346618652344,1.5402003016608151e-12
1614000200894,-111.90788269042969,55.4944953918457,1.531101393875467e-12
1614000200896,-111.90965270996094,55.49436950683594,1.5119036983283586e-12
1614000200898,-111.91018676757812,55.494346618652344,1.4478113918403565e-12
1614000200900,-111.91036224365234,55.49433898925781,1.4448117519111208e-12
1614000200902,-111.91096496582031,55.494239807128906,1.4157152445975348e-12
1614000200904,-111.9115982055664,55.494136810302734,1.4234143204159064e-12
1614000200906,-111.91181945800781,55.49406814575195,1.3362247864727896e-12
1614000200908,-111.91251373291016,55.49395751953125,1.2532347484306027e-12
1614000200910,-111.91333770751953,55.49384689331055,1.1608458386101441e-12
1614000200912,-111.9145736694336,55.49373245239258,1.1347489712257938e-12
1614000200914,-111.91590118408203,55.49361038208008,1.1223504595182863e-12
1614000200916,-111.91707611083984,55.493499755859375,1.100953028023072e-12
1614000200918,-111.91887664794922,55.49333953857422,1.0813553804853989e-12
1614000200920,-111.92127227783203,55.49313735961914,1.0527588131600188e-12
1614000200922,-111.92382049560547,55.49298858642578,9.603699033395602e-13
1614000200924,-111.92645263671875,55.49283218383789,8.820793011865092e-13
1614000200926,-111.92992401123047,55.49260711669922,8.410842221536217e-13
1614000200928,-111.93437194824219,55.49230194091797,8.38584522212592e-13
1614000200930,-111.9389419555664,55.491981506347656,8.171870907173776e-13
1614000200932,-111.9451675415039,55.491455078125,8.043886270193054e-13
1614000200934,-111.95138549804688,55.49092483520508,7.821912915429614e-13
1614000200936,-111.95870971679688,55.49030685424805,7.758920476915665e-13
1614000200938,-111.96670532226562,55.48963165283203,7.806914715783436e-13
1614000200940,-111.9749526977539,55.48894119262695,8.093880269013648e-13
1614000200942,-111.98406982421875,55.48823547363281,8.304854944036557e-13
1614000200944,-111.9931640625,55.4875373840332,8.54982553825747e-13
1614000200946,-112.00304412841797,55.48677062988281,8.408842461583394e-13
1614000200948,-112.01268005371094,55.48602294921875,8.238862865593372e-13
1614000200950,-112.0228500366211,55.485233306884766,8.235863225664137e-13
1614000200952,-112.03214263916016,55.48444747924805,8.612817976771419e-13
1614000200954,-112.04100036621094,55.48369598388672,8.708806454506961e-13
1614000200956,-112.05072784423828,55.482872009277344,8.409842341559805e-13
1614000200958,-112.05927276611328,55.482147216796875,8.260860225074434e-13
1614000200960,-112.0680923461914,55.48139572143555,7.986893111537576e-13
1614000200962,-112.07615661621094,55.480735778808594,7.815913635571143e-13
1614000200964,-112.07610321044922,55.48073959350586,8.008890471018638e-13
1614000200966,-112.07605743408203,55.480743408203125,8.227864185852842e-13
1614000200968,-112.07601165771484,55.48074722290039,8.175870427079423e-13
1614000200970,-112.07596588134766,55.480751037597656,8.548825658281058e-13
1614000200972,-112.07599639892578,55.480751037597656,8.690808614931546e-13
1614000200974,-112.0760269165039,55.480751037597656,8.780797812808617e-13
1614000200976,-112.07606506347656,55.48074722290039,8.651813295851483e-13
1614000200978,-112.07609558105469,55.48074722290039,8.784797332714264e-13
1614000200980,-112.07613372802734,55.48074722290039,8.715805614341844e-13
1614000200982,-112.07612609863281,55.48074722290039,8.638814856158128e-13
1614000200984,-112.07611846923828,55.48074722290039,8.904782929883691e-13
1614000200986,-112.07611083984375,55.480751037597656,9.701687271083967e-13
1614000200988,-112.07610321044922,55.480751037597656,9.435719197358404e-13
1614000200990,-112.07610321044922,55.480751037597656,9.260740201486324e-13
1614000200992,-112.07674407958984,55.4798698425293,9.466715476627173e-13
1614000200994,-112.07687377929688,55.47967529296875,1.0137634940799551e-12
1614000200996,-112.07682800292969,55.47970962524414,1.0949537481646006e-12
1614000200998,-112.07711791992188,55.47929382324219,1.1753440982681165e-12
1614000201000,-112.07701110839844,55.47941207885742,1.2087400894802736e-12
1614000201002,-112.0774154663086,55.478885650634766,1.2019409056406728e-12
1614000201004,-112.07784271240234,55.478336334228516,1.203640701600573e-12
1614000201006,-112.07789611816406,55.478275299072266,1.2183389372538278e-12
1614000201008,-112.07852172851562,55.477455139160156,1.1783437381973522e-12
1614000201010,-112.07894134521484,55.47691345214844,1.1541466427681844e-12
1614000201012,-112.07935333251953,55.47635269165039,1.1530467747941314e-12
1614000201014,-112.0796127319336,55.47598648071289,1.177243870223299e-12
1614000201016,-112.0799560546875,55.47550964355469,1.203640701600573e-12
1614000201018,-112.08049774169922,55.47477340698242,1.2140394533552566e-12
1614000201020,-112.08097839355469,55.474124908447266,1.2389364647679127e-12
1614000201021,-112.08112335205078,55.47393798828125,1.330625458604883e-12
1614000201024,-112.08157348632812,55.473358154296875,1.4402123040196261e-12
1614000201026,-112.08179473876953,55.47308349609375,1.4808074310619488e-12
1614000201028,-112.08232879638672,55.47239303588867,1.4980053666562334e-12
1614000201029,-112.08283996582031,55.47173309326172,1.4948057507317153e-12
1614000201031,-112.08344268798828,55.4709587097168,1.4691088353379297e-12
1614000201034,-112.08399200439453,55.470252990722656,1.473508307234142e-12
1614000201036,-112.0848159790039,55.46918869018555,1.4596099755620168e-12
1614000201037,-112.08515930175781,55.468772888183594,1.437012688095108e-12
1614000201039,-112.08570861816406,55.46807098388672,1.4551105156681633e-12
1614000201041,-112.08649444580078,55.467010498046875,1.4670090873874648e-12
1614000201044,-112.16912841796875,55.357505798339844,1.7776384580197402e-13
1614000201044,-112.07601165771484,55.480873107910156,1.3117277270506983e-12
1614000201046,-112.08771514892578,55.46533966064453,1.507304250436864e-12
1614000201047,-112.08924102783203,55.46415328979492,1.5780957527668257e-12
1614000201049,-112.0887680053711,55.463897705078125,1.606292368101641e-12
1614000201052,-112.08953094482422,55.46283721923828,1.5974934243092164e-12
1614000201054,-112.09016418457031,55.461952209472656,1.614791347901142e-12
1614000201055,-112.09198760986328,55.460384368896484,1.6541866189717705e-12
1614000201057,-112.09292602539062,55.45940017700195,1.7077801857074478e-12
1614000201059,-112.09392547607422,55.458221435546875,1.7350769090634924e-12
1614000201062,-112.09478759765625,55.457122802734375,1.7303774731743565e-12
1614000201063,-112.09656524658203,55.45611572265625,1.7366767170257515e-12
1614000201065,-112.09722137451172,55.455265045166016,1.7667731043157493e-12
1614000201067,-112.09845733642578,55.45412063598633,1.8175670071174733e-12
1614000201069,-112.09979248046875,55.45289611816406,1.8720604658319213e-12
1614000201071,-112.10136413574219,55.45176315307617,1.862961558046573e-12
1614000201073,-112.10305786132812,55.449947357177734,1.848163334395677e-12
1614000201075,-112.10460662841797,55.44847869873047,1.852762782287172e-12
1614000201077,-112.10623168945312,55.447540283203125,1.8959575972681655e-12
1614000201079,-112.10803985595703,55.4460563659668,1.9012569611431485e-12
1614000201081,-112.11009216308594,55.44458770751953,1.863961438022985e-12
1614000201083,-112.1127700805664,55.4426155090332,1.833165134749499e-12
1614000201085,-112.11556243896484,55.440895080566406,1.7831711359289043e-12
1614000201087,-112.11872863769531,55.439273834228516,1.7659732003346198e-12
1614000201089,-112.12214660644531,55.43746566772461,1.81896683908445e-12
1614000201091,-112.12586975097656,55.43588638305664,1.9135554848530148e-12
1614000201093,-112.12985229492188,55.433956146240234,1.85766219417159e-12
1614000201095,-112.134765625,55.431602478027344,1.7523748326554181e-12
1614000201097,-112.13951873779297,55.429317474365234,1.6240902316817727e-12
1614000201099,-112.14509582519531,55.426658630371094,1.44221206397245e-12
1614000201101,-112.15131378173828,55.42386245727539,1.3305254706072418e-12
1614000201103,-112.1587142944336,55.421382904052734,1.2732323479588405e-12
1614000201105,-112.16681671142578,55.41915512084961,1.2313373769471823e-12
1614000201107,-112.17523956298828,55.416534423828125,1.2135395133670507e-12
1614000201109,-112.18346405029297,55.41455841064453,1.2210386131901399e-12
1614000201111,-112.19332122802734,55.411746978759766,1.1964415657704074e-12
1614000201113,-112.2029037475586,55.40930938720703,1.1643454185275857e-12
1614000201115,-112.21345520019531,55.40663528442383,1.1298495593413755e-12
1614000201117,-112.2248764038086,55.40358352661133,1.0701567247495857e-12
1614000201119,-112.2364730834961,55.400455474853516,1.0190628579549381e-12
1614000201121,-112.2468490600586,55.397987365722656,9.973654624668001e-13
1614000201123,-112.25800323486328,55.39552688598633,9.764679709597916e-13
1614000201125,-112.26951599121094,55.39237594604492,9.436719077334816e-13
1614000201127,-112.28113555908203,55.38928985595703,9.178750043420549e-13
1614000201129,-112.28643798828125,55.389366149902344,9.421720877688638e-13
1614000201131,-112.29058074951172,55.389564514160156,9.699687511131143e-13
1614000201133,-112.29454803466797,55.389549255371094,9.875666386979636e-13
1614000201135,-112.29841613769531,55.38901138305664,9.719685110659381e-13
1614000201137,-112.3026351928711,55.3882942199707,9.40672267804246e-13
1614000201139,-112.30394744873047,55.3865966796875,9.178750043420549e-13
1614000201141,-112.30530548095703,55.38480758666992,8.672810775356132e-13
1614000201143,-112.30665588378906,55.38298034667969,8.155872827551185e-13
1614000201145,-112.30780029296875,55.38142776489258,7.883905473967151e-13
1614000201147,-112.30925750732422,55.37944412231445,7.768919276679784e-13
1614000201149,-112.31013488769531,55.37825012207031,8.014889750877109e-13
1614000201151,-112.31069946289062,55.37748336791992,8.322852783611971e-13
1614000201153,-112.3118896484375,55.37591552734375,8.38584522212592e-13
1614000201155,-112.31301879882812,55.374420166015625,8.366847502574094e-13
1614000201157,-112.31381225585938,55.37337875366211,8.216865506112311e-13
1614000201159,-112.31536102294922,55.37131881713867,8.008890471018638e-13
1614000201161,-112.31657409667969,55.36969757080078,7.684929358661185e-13
1614000201163,-112.31734466552734,55.36865234375,7.684929358661185e-13
1614000201165,-112.31798553466797,55.36777114868164,7.584941361019996e-13
1614000201167,-112.31839752197266,55.367210388183594,7.579941961137937e-13
1614000201169,-112.3201904296875,55.36479187011719,6.914021896847618e-13
1614000201171,-112.32209777832031,55.36222457885742,6.55506498531575e-13
1614000201173,-112.3224105834961,55.361793518066406,6.531067865881864e-13
1614000201175,-112.32404327392578,55.35960388183594,6.262100152227066e-13
1614000201177,-112.3244400024414,55.35905838012695,6.203107233618765e-13
1614000201179,-112.32527923583984,55.35792541503906,6.096120076142692e-13
1614000201181,-112.32616424560547,55.35676193237305,5.911142280506493e-13
1614000201183,-112.32727813720703,55.3553352355957,5.651173486639401e-13
1614000201185,-112.32879638671875,55.35337448120117,5.397203972630781e-13
1614000201187,-112.3304443359375,55.351234436035156,4.985253422349083e-13
1614000201189,-112.33128356933594,55.35017776489258,4.840270825769359e-13
1614000201190,-112.3325424194336,55.34853744506836,4.528308273128849e-13
1614000201193,-112.33588409423828,55.344017028808594,4.132355802469741e-13
1614000201195,-112.33585357666016,55.34401321411133,3.9543771666684244e-13
1614000201197,-112.3358154296875,55.34400939941406,3.8093945700887003e-13
1614000201198,-112.33578491210938,55.3440055847168,3.712406212376747e-13
1614000201200,-112.33575439453125,55.3440055847168,3.595420255136556e-13
1614000201203,-112.33573150634766,55.34402084350586,3.567423615797023e-13
1614000201205,-112.33570861816406,55.34403610229492,3.5454262563159614e-13
1614000201206,-112.335693359375,55.344051361083984,3.487433217684072e-13
1614000201208,-112.3356704711914,55.34406661987305,3.4814339378256005e-13
1614000201209,-112.5731201171875,54.8484992980957,4.198014500523938e-14
1614000201211,-112.33566284179688,55.34407424926758,3.5004316573774264e-13
1614000201211,-112.57686614990234,54.86679458618164,2.6881957361419845e-14
1614000201213,-112.3357162475586,55.344051361083984,3.4554370584388913e-13
1614000201213,-112.66426849365234,54.71202850341797,6.247768452168312e-14
1614000201215,-112.33576965332031,55.34402847290039,3.4444383786983606e-13
1614000201215,-112.57756805419922,54.86670684814453,2.4982185406237254e-14
1614000201216,-112.33582305908203,55.34400939941406,3.420441259264475e-13
1614000201217,-112.5753402709961,54.86686325073242,2.448224541803131e-14
1614000201218,-112.33586883544922,55.34398651123047,3.487433217684072e-13
1614000201219,-112.57272338867188,54.8670539855957,2.4182281425107742e-14
1614000201221,-112.33590698242188,55.34397506713867,3.4354394589106535e-13
1614000201221,-112.5722427368164,54.86708450317383,2.3782329434542986e-14
1614000201223,-112.33585357666016,55.343997955322266,3.468435498132246e-13
1614000201223,-112.57645416259766,54.86676788330078,2.448224541803131e-14
1614000201224,-112.33580017089844,55.34402084350586,3.5894209752780846e-13
1614000201224,-112.57027435302734,54.867279052734375,2.1682581484078018e-14
1614000201226,-112.33574676513672,55.34404754638672,3.53942697645749e-13
1614000201227,-112.58060455322266,54.866477966308594,2.348236544161942e-14
1614000201228,-112.33570098876953,55.34407043457031,3.39644413983059e-13
1614000201229,-112.57030487060547,54.86731719970703,1.9082893545407104e-14
1614000201231,-112.33566284179688,55.34408950805664,3.2174656240528616e-13
1614000201231,-112.56922149658203,54.86741638183594,2.0882677502948506e-14
1614000201232,-112.335693359375,55.344085693359375,3.115477866458849e-13
1614000201232,-112.57056427001953,54.867313385009766,2.0282749517101372e-14
1614000201234,-112.33572387695312,55.344085693359375,3.1454742657512055e-13
1614000201235,-112.57064056396484,54.867305755615234,1.958283353361305e-14
1614000201236,-112.33576202392578,55.34408187866211,3.087481227119316e-13
1614000201237,-112.5721206665039,54.8671875,1.8882917550124726e-14
1614000201239,-112.3357925415039,55.344078063964844,3.050485667992076e-13
1614000201239,-112.57355499267578,54.86707305908203,1.8882917550124726e-14
1614000201240,-112.33582305908203,55.344078063964844,2.996492149265834e-13
1614000201242,-112.33582305908203,55.34408187866211,2.88850511181335e-13
1614000201244,-112.33943939208984,55.34379196166992,2.923500910987766e-13
1614000201246,-112.34027862548828,55.343727111816406,2.8475100327804623e-13
1614000201248,-112.34063720703125,55.34370040893555,2.8535093126389337e-13
1614000201248,-112.60942840576172,54.792476654052734,3.098146526470859e-14
1614000201250,-112.3405532836914,55.343711853027344,2.832511833134284e-13
1614000201252,-112.34173583984375,55.34362030029297,2.667531637026322e-13
1614000201254,-112.34430694580078,55.34341812133789,2.5565449596446024e-13
1614000201256,-112.34494018554688,55.3433723449707,2.5265485603522457e-13
1614000201258,-112.34638214111328,55.34326171875,2.4755546815552393e-13
1614000201260,-112.34945678710938,55.343017578125,2.4295602026402924e-13
1614000201262,-112.35077667236328,55.342926025390625,2.3555690843858125e-13
1614000201264,-112.35570526123047,55.3425407409668,2.3195734052349845e-13
1614000201264,-112.56718444824219,54.81757354736328,1.5883277620889057e-14
1614000201266,-112.35955810546875,55.34224319458008,2.2835777260841565e-13
1614000201268,-112.3647232055664,55.34184265136719,2.2285843273815025e-13
1614000201270,-112.36868286132812,55.34153747558594,2.270579286390802e-13
1614000201270,-112.5638198852539,54.82222366333008,1.5083373639759545e-14
1614000201272,-112.37469482421875,55.34108352661133,2.2555810867446235e-13
1614000201272,-112.57195281982422,54.81105041503906,1.3683541672782899e-14
1614000201274,-112.3807373046875,55.34062194824219,2.1805900885137318e-13
1614000201276,-112.3895263671875,55.33994674682617,2.277578446225685e-13
1614000201276,-112.56493377685547,54.82086181640625,1.3483565677500521e-14
1614000201278,-112.39893341064453,55.33921813964844,2.1845896084193794e-13
1614000201280,-112.40843963623047,55.338478088378906,2.1175976499997827e-13
1614000201282,-112.41838073730469,55.33761215209961,2.0936005305658974e-13
1614000201284,-112.42830657958984,55.33674240112305,2.0666037712027764e-13
1614000201286,-112.43922424316406,55.33579635620117,2.070603291108424e-13
1614000201288,-112.45024871826172,55.334842681884766,2.0586047313914812e-13
1614000201290,-112.46231079101562,55.33380126953125,2.0576048514150694e-13
1614000201292,-112.47429656982422,55.332881927490234,1.9766145733257063e-13
1614000201294,-112.48545837402344,55.33203125,1.9416187741512901e-13
1614000201296,-112.49598693847656,55.33123016357422,1.9366193742692307e-13
1614000201298,-112.5020980834961,55.330787658691406,1.979614213254942e-13
1614000201300,-112.5020751953125,55.33083724975586,2.0776024509433072e-13
1614000201302,-112.50205993652344,55.330841064453125,2.206586967900441e-13
1614000201304,-112.50204467773438,55.33084487915039,2.2465821669569165e-13
1614000201306,-112.50203704833984,55.330848693847656,2.3185735252585726e-13
1614000201308,-112.50202178955078,55.33085250854492,2.341570764716046e-13
1614000201310,-112.50200653076172,55.33085250854492,2.305575085565218e-13
1614000201312,-112.50205993652344,55.3308219909668,2.405563083206407e-13
1614000201314,-112.50212097167969,55.330787658691406,2.460556481909061e-13
1614000201316,-112.5021743774414,55.330753326416016,2.434559602522352e-13
1614000201318,-112.50223541259766,55.330718994140625,2.4665557617675323e-13
1614000201320,-112.5022964477539,55.330684661865234,2.479554201460887e-13
1614000201322,-112.50232696533203,55.330684661865234,2.52354892042301e-13
1614000201324,-112.50235748291016,55.330684661865234,2.5025514409183603e-13
1614000201326,-112.50238800048828,55.330684661865234,2.443558522310059e-13
1614000201328,-112.5024185180664,55.3306884765625,2.4565569620034134e-13
1614000201330,-112.50244140625,55.3306884765625,2.504551200871184e-13
1614000201332,-112.50243377685547,55.3306884765625,2.530548080257893e-13
1614000201334,-112.5024185180664,55.3306884765625,2.532547840210717e-13
1614000201336,-112.50240325927734,55.3306884765625,2.5535453197153667e-13
1614000201338,-112.50238800048828,55.3306884765625,2.6725310369083816e-13
1614000201340,-112.50237274169922,55.3306884765625,2.805515073771163e-13
1614000201342,-112.50237274169922,55.33064270019531,3.0344875883694857e-13
1614000201344,-112.50236511230469,55.330589294433594,3.1464741457276174e-13
1614000201346,-112.50236511230469,55.33053207397461,3.349449780939231e-13
1614000201348,-112.50236511230469,55.33047866821289,3.7244047720936897e-13
1614000201350,-112.50235748291016,55.33042526245117,3.866387728744178e-13
1614000201352,-112.50236511230469,55.33045959472656,4.165351841691333e-13
1614000201354,-112.50236511230469,55.33051681518555,4.3813259165963013e-13
1614000201356,-112.50237274169922,55.33057403564453,4.5423065927986156e-13
1614000201358,-112.50237274169922,55.330631256103516,4.3173335981059404e-13
1614000201359,-112.50237274169922,55.3306884765625,3.813394089994348e-13
1614000201362,-112.50238037109375,55.33066940307617,3.4004436597362374e-13
1614000201364,-112.50239562988281,55.330631256103516,3.102479426765494e-13
1614000201366,-112.50240325927734,55.33059310913086,2.686529356578148e-13
1614000201367,-112.50241088867188,55.3305549621582,2.379566203819698e-13
1614000201370,-112.5024185180664,55.33051300048828,2.1365953695516087e-13
1614000201372,-112.50239562988281,55.33055114746094,2.0266085721463008e-13
1614000201374,-112.50236511230469,55.33060836791992,1.9716151734436468e-13
1614000201375,-112.50233459472656,55.33066940307617,2.0026114527124154e-13
1614000201377,-112.5022964477539,55.33073043823242,1.8946244152599313e-13
1614000201380,-112.50226593017578,55.33079147338867,1.742642658845324e-13
1614000201382,-112.50225830078125,55.330787658691406,1.5876612625014811e-13
1614000201383,-112.50225830078125,55.33076477050781,1.4126822666294004e-13
1614000201385,-112.50226593017578,55.33073806762695,1.335691508445685e-13
1614000201387,-112.50226593017578,55.33071517944336,1.3296922285872136e-13
1614000201390,-112.50227355957031,55.3306884765625,1.2367033907809078e-13
1614000201392,-112.50228118896484,55.330665588378906,1.1727110722905469e-13
1614000201393,-112.50228118896484,55.33064270019531,1.1157179136350691e-13
1614000201395,-112.50228881835938,55.330623626708984,1.0757227145785935e-13
1614000201397,-112.5022964477539,55.33060073852539,1.0457263152862368e-13
1614000201400,-112.50230407714844,55.33058166503906,9.887331566307591e-14
1614000201401,-112.50232696533203,55.330589294433594,9.35739517880929e-14
1614000201403,-112.50235748291016,55.33061599731445,9.187415582819268e-14
1614000201405,-112.50238800048828,55.33064270019531,8.937445588716296e-14
1614000201408,-112.5024185180664,55.330665588378906,1.0207293158759396e-13
1614000201409,-112.50244903564453,55.330692291259766,1.1837097520310776e-13
1614000201411,-112.50243377685547,55.3306999206543,1.143714552974602e-13
1614000201413,-112.50240325927734,55.33069610595703,1.1267165933755999e-13
1614000201415,-112.50237274169922,55.330692291259766,9.977320764184661e-14
1614000201417,-112.50233459472656,55.3306884765625,7.957563211832644e-14
1614000201419,-112.50230407714844,55.330684661865234,5.827818862075319e-14
1614000201421,-112.50227355957031,55.330692291259766,4.887931684248142e-14
1614000201423,-112.50225830078125,55.33070755004883,4.337997697221603e-14
1614000201425,-112.50223541259766,55.33072280883789,4.1480205017033436e-14
1614000201427,-112.50221252441406,55.33073806762695,3.688075712553874e-14
1614000201429,-112.502197265625,55.330753326416016,3.218132123640286e-14
1614000201431,-112.50221252441406,55.330745697021484,2.8981705311884813e-14
1614000201433,-112.50226593017578,55.330726623535156,2.5182161401519632e-14
1614000201435,-112.5023193359375,55.33070373535156,2.0982665500589695e-14
1614000201437,-112.50236511230469,55.33068084716797,1.5883277620889057e-14
1614000201439,-112.5024185180664,55.330657958984375,1.1483805724676741e-14
1614000201441,-112.5024185180664,55.33066177368164,8.484165795441072e-15
1614000201455,-112.66812896728516,55.31748962402344,1.0383937750623662e-14
1614000201457,-112.66815948486328,55.31748580932617,1.1183841731753174e-14
1614000201459,-112.6681900024414,55.317481994628906,1.3683541672782899e-14
1614000201461,-112.668212890625,55.317481994628906,1.4183481660988844e-14
1614000201463,-112.668212890625,55.31748580932617,1.4983385642118356e-14
1614000201465,-112.668212890625,55.31748962402344,1.2683661696371009e-14
1614000201467,-112.66822052001953,55.31748962402344,1.3483565677500521e-14
1614000201469,-112.66822052001953,55.3174934387207,1.6683181602018568e-14
1614000201471,-112.66820526123047,55.31749725341797,1.7083133592583324e-14
1614000201473,-112.66817474365234,55.3175048828125,1.7283109587865702e-14
1614000201475,-112.66815185546875,55.31751251220703,1.758307358078927e-14
1614000201477,-112.66812133789062,55.31752014160156,1.6883157597300946e-14
1614000201479,-112.6680908203125,55.317527770996094,1.6283229611453812e-14
1614000201481,-112.6680679321289,55.317535400390625,1.3483565677500521e-14
1614000201483,-112.66806030273438,55.31755065917969,9.284069776570584e-15
1614000201491,-112.66803741455078,55.31761169433594,1.2483685701088631e-14
1614000201493,-112.66806030273438,55.3176383972168,1.5883277620889057e-14
1614000201495,-112.66808319091797,55.317665100097656,1.058391374590604e-14